source,name,platform,completion_percent,bronze_earned,silver_earned,gold_earned,platinum_earned,bronze_total,silver_total,gold_total,platinum_total,last_updated,hours_played
PSN,Hole Digging Master,PS5,90.3,14,10,4,0,14,10,6,1,2025-09-27 17:53:13+00:00,
PSN,Raft,PS5,74.4,23,6,3,0,30,8,4,1,2025-09-09 19:55:54+00:00,
PSN,Marvel's Midnight Suns,PS5,72.2,43,6,3,0,54,13,4,1,2025-07-31 19:41:59+00:00,
PSN,Nobody Saves the World,PS5,70.7,19,8,2,0,23,12,5,1,2025-03-16 13:18:43+00:00,
PSN,PlateUp!,PS5,66.7,10,5,3,0,10,10,6,1,2025-05-17 19:52:12+00:00,
PSN,ReadySet Heroes,PS4,52.9,3,4,2,0,3,4,9,1,2025-03-09 09:46:57+00:00,
PSN,Hogwarts Legacy,PS5,52.2,18,6,0,0,28,15,2,1,2024-03-20 10:29:15+00:00,
PSN,Cult of the Lamb,PS5,50.9,14,13,2,0,31,21,4,1,2025-03-06 20:57:02+00:00,
PSN,It Takes Two,PS5,38.1,5,0,3,0,10,0,10,1,2025-02-15 16:59:46+00:00,
PSN,Vampire Survivors,PS5,33.6,68,14,0,0,167,61,15,1,2025-10-05 12:29:42+00:00,
PSN,Unravel Two,PS4,31.0,9,0,0,0,12,10,6,1,2025-02-09 18:04:44+00:00,
PSN,Untitled Goose Game,PS4,24.0,1,0,5,0,14,1,9,1,2025-03-22 15:50:17+00:00,
PSN,Heavenly Bodies,PS5,23.1,6,0,0,0,14,4,7,1,2025-03-17 19:55:16+00:00,
PSN,Unrailed!,PS4,22.6,11,1,0,0,37,11,4,1,2025-08-02 19:40:13+00:00,
PSN,Marvel's Guardians of the Galaxy,PS5,20.3,12,0,0,0,54,3,1,1,2021-12-19 11:56:00+00:00,
PSN,Warhammer - Chaosbane,PS5,18.2,8,0,0,0,29,11,3,1,2025-03-17 21:38:20+00:00,
PSN,Stranded Deep,PS4,13.9,4,0,1,0,20,10,5,1,2025-04-23 15:59:24+00:00,
PSN,Assassin's Creed® Valhalla,PS5,11.8,11,0,0,0,61,30,1,1,2025-03-23 20:29:29+00:00,
PSN,"Overcooked! All You Can Eat
",PS5,11.6,4,1,0,0,28,11,3,1,2022-08-07 10:54:32+00:00,
PSN,Human Fall Flat,PS5,11.6,12,1,0,0,96,14,1,1,2022-08-01 17:43:32+00:00,
PSN,Tiny Tina's Wonderlands,PS5,10.6,5,0,0,0,37,4,5,1,2022-04-24 19:18:35+00:00,
PSN,Cat Quest II,PS4,10.0,2,0,0,0,6,5,8,1,2025-03-16 20:04:37+00:00,
PSN,DYSMANTLE,PS5,8.6,3,0,0,0,14,16,4,1,2025-08-16 21:24:55+00:00,
PSN,PowerWash Simulator,PS5,6.9,6,1,0,0,72,23,5,1,2025-09-24 20:11:29+00:00,
PSN,Maneater,PS5,6.7,3,0,0,0,31,7,6,1,2025-04-24 10:33:31+00:00,
PSN,LEGO® MARVEL Super Heroes,PS4,6.5,3,0,0,0,38,4,3,1,2023-06-27 07:00:51+00:00,
PSN,Plants vs. Zombies: Battle for Neighborville,PS4,5.9,3,0,0,0,38,11,1,1,2022-11-13 19:43:47+00:00,
PSN,ASTRO’s PLAYROOM,PS5,5.9,3,0,0,0,31,14,5,1,2021-07-23 10:39:37+00:00,
PSN,Don't Starve Together: Console Edition,PS4,5.6,2,0,0,0,20,10,5,1,2025-08-01 19:47:01+00:00,
PSN,For The King,PS4,5.3,3,0,0,0,46,9,1,1,2025-03-06 22:11:30+00:00,
PSN,Minecraft Dungeons,PS4,4.8,4,1,0,0,63,34,7,1,2025-03-17 20:43:19+00:00,
PSN,Slay the Spire,PS4,4.3,2,0,0,0,25,18,2,1,2025-08-15 18:53:07+00:00,
PSN,Children of Morta,PS4,4.3,2,0,0,0,31,12,2,1,2025-03-22 21:06:59+00:00,
PSN,Battle Brothers,PS4,3.5,3,0,0,0,65,18,1,1,2023-01-19 16:16:45+00:00,
PSN,LEGO® 2K Drive,PS5,2.6,1,0,0,0,22,12,4,1,2025-09-14 19:47:36+00:00,
PSN,Grand Theft Auto V,PS5,2.6,2,0,0,0,59,15,3,1,2025-08-04 18:56:49+00:00,
PSN,Bee Simulator,PS4,2.0,1,0,0,0,38,10,2,1,2025-03-08 10:45:45+00:00,
PSN,Dragon Age™: The Veilguard,PS5,1.9,1,0,0,0,38,13,1,1,2025-08-15 20:14:54+00:00,
PSN,Golf With Your Friends,PS4,1.8,1,0,0,0,24,24,7,1,2025-03-08 15:57:45+00:00,
PSN,Godfall,PS5,1.6,1,0,0,0,44,14,5,1,2021-07-30 18:36:20+00:00,
PSN,LEGO® MARVEL's Avengers,PS4,1.4,1,0,0,0,61,5,4,1,2025-08-09 13:53:03+00:00,
PSN,Deep Rock Galactic,PS5,1.4,1,0,0,0,54,11,4,1,2022-08-01 14:40:08+00:00,
PSN,House Flipper,PS4,1.2,1,0,0,0,66,8,7,1,2025-09-24 19:38:28+00:00,
PSN,"Warhammer 40,000: Rogue Trader",PS5,0.0,0,0,0,0,38,17,4,1,2026-03-19 19:11:42+00:00,
PSN,Just Dance®,PS5,0.0,0,0,0,0,3,6,5,0,2026-01-25 16:28:53+00:00,
PSN,No Man's Sky Trophies,PS5,0.0,0,0,0,0,10,9,8,1,2026-01-24 14:27:15+00:00,
PSN,PowerWash Simulator 2,PS5,0.0,0,0,0,0,26,10,4,1,2026-01-24 14:15:23+00:00,
PSN,Stardew Valley,"PS3, PS4, PSVITA",0.0,0,0,0,0,31,14,4,1,2025-09-14 19:00:43+00:00,
PSN,ARK: Survival Ascended,PS5,0.0,0,0,0,0,12,14,5,1,2025-08-08 21:06:11+00:00,
PSN,Blue Prince,PS5,0.0,0,0,0,0,0,8,8,1,2025-05-21 17:09:46+00:00,
PSN,Balatro,PS5,0.0,0,0,0,0,18,7,6,1,2025-05-21 13:29:53+00:00,
PSN,DAVE THE DIVER,PS5,0.0,0,0,0,0,26,15,2,1,2025-04-24 10:33:31+00:00,
PSN,Lost Records: Bloom & Rage,PS5,0.0,0,0,0,0,44,2,3,1,2025-04-24 07:30:31+00:00,
PSN,Digimon Story: Cyber Sleuth - Hacker's Memory,"PS4, PSVITA",0.0,0,0,0,0,33,10,2,1,2025-04-24 06:16:38+00:00,
PSN,Surviving the Aftermath,PS4,0.0,0,0,0,0,54,15,5,1,2025-04-24 06:16:07+00:00,
PSN,Contra: Rogue Corps,PS4,0.0,0,0,0,0,18,14,3,1,2025-03-22 20:19:02+00:00,
PSN,"Warhammer 40,000: Inquisitor - Martyr",PS4,0.0,0,0,0,0,67,13,7,1,2025-03-22 20:04:03+00:00,
PSN,MAGICKA® 2,PS4,0.0,0,0,0,0,30,14,2,1,2025-03-16 20:06:31+00:00,
PSN,Terraria,"PS3, PS4, PSVITA",0.0,0,0,0,0,28,20,2,1,2025-03-08 16:11:35+00:00,
PSN,Biped,PS5,0.0,0,0,0,0,2,4,9,1,2025-03-08 16:06:50+00:00,
PSN,Trine 4: The Nightmare Prince,PS4,0.0,0,0,0,0,30,4,5,1,2025-03-08 16:00:58+00:00,
PSN,Sackboy: A Big Adventure,PS5,0.0,0,0,0,0,32,10,3,1,2025-03-08 15:18:51+00:00,
PSN,Rain World,PS5,0.0,0,0,0,0,27,14,6,1,2025-03-08 11:12:09+00:00,
PSN,Enter The Gungeon,PS4,0.0,0,0,0,0,40,12,2,1,2025-03-08 10:55:05+00:00,
PSN,A Plague Tale: Innocence,PS5,0.0,0,0,0,0,22,9,4,1,2022-08-01 14:42:14+00:00,
PSN,Auto Chess,PS5,0.0,0,0,0,0,5,5,1,0,2021-08-03 20:03:36+00:00,
PSN,Warframe,PS5,0.0,0,0,0,0,57,26,8,0,2021-07-31 22:20:56+00:00,
PSN,God of War,PS4,0.0,0,0,0,0,22,9,5,1,2021-07-23 10:42:39+00:00,
Steam,12 is Better Than 6,PC,,,,,,,,,,,0.0
Steam,20 Minutes Till Dawn,PC,,,,,,,,,,,5.3
Steam,20XX,PC,,,,,,,,,,,0.0
Steam,8-Bit Armies,PC,,,,,,,,,,,0.0
Steam,A Good Snowman Is Hard To Build,PC,,,,,,,,,,,0.0
Steam,A Mortician's Tale,PC,,,,,,,,,,,0.0
Steam,A New Beginning - Final Cut,PC,,,,,,,,,,,0.0
Steam,A Short Hike,PC,,,,,,,,,,,0.0
Steam,A Story About My Uncle,PC,,,,,,,,,,,0.0
Steam,A Story Beside,PC,,,,,,,,,,,0.0
Steam,A Total War Saga: TROY,PC,,,,,,,,,,,0.0
Steam,A Virus Named TOM,PC,,,,,,,,,,,0.0
Steam,Absolute Drift,PC,,,,,,,,,,,0.0
Steam,Aces and Adventures,PC,,,,,,,,,,,25.6
Steam,Aegis Defenders,PC,,,,,,,,,,,0.0
Steam,Aeronautica Imperialis: Flight Command,PC,,,,,,,,,,,0.0
Steam,Age of Empires II (2013),PC,,,,,,,,,,,0.0
Steam,Age of Wonders III,PC,,,,,,,,,,,0.0
Steam,Age of Wonders: Planetfall,PC,,,,,,,,,,,0.0
Steam,Agents of Mayhem,PC,,,,,,,,,,,0.0
Steam,AI War: Fleet Command,PC,,,,,,,,,,,0.0
Steam,Air Conflicts: Pacific Carriers,PC,,,,,,,,,,,0.0
Steam,Alekon,PC,,,,,,,,,,,0.0
Steam,Alien Spidy,PC,,,,,,,,,,,0.0
Steam,All You Can Eat,PC,,,,,,,,,,,0.0
Steam,Alpha Kimori™ Episode One ,PC,,,,,,,,,,,0.0
Steam,Amnesia: A Machine for Pigs,PC,,,,,,,,,,,0.0
Steam,Amnesia: The Dark Descent,PC,,,,,,,,,,,0.0
Steam,Among Us,PC,,,,,,,,,,,11.6
Steam,Anachronox,PC,,,,,,,,,,,0.0
Steam,Ancestors Legacy,PC,,,,,,,,,,,0.0
Steam,Ancient Enemy,PC,,,,,,,,,,,0.0
Steam,Animal Super Squad,PC,,,,,,,,,,,0.0
Steam,Anodyne,PC,,,,,,,,,,,0.0
Steam,Anodyne 2: Return to Dust,PC,,,,,,,,,,,0.0
Steam,Anomaly 2,PC,,,,,,,,,,,0.0
Steam,Anomaly Defenders,PC,,,,,,,,,,,0.0
Steam,Anomaly Korea,PC,,,,,,,,,,,0.0
Steam,Anomaly Warzone Earth,PC,,,,,,,,,,,0.0
Steam,Another Crab's Treasure,PC,,,,,,,,,,,0.0
Steam,Aporia: Beyond The Valley,PC,,,,,,,,,,,0.0
Steam,Arcade Spirits,PC,,,,,,,,,,,0.0
Steam,ARK: Survival Evolved,PC,,,,,,,,,,,0.0
Steam,ARK: Survival Of The Fittest,PC,,,,,,,,,,,0.0
Steam,Armello,PC,,,,,,,,,,,0.7
Steam,Army of Ruin,PC,,,,,,,,,,,73.0
Steam,Astronimo,PC,,,,,,,,,,,0.0
Steam,Ato,PC,,,,,,,,,,,0.0
Steam,Avadon 2: The Corruption,PC,,,,,,,,,,,0.0
Steam,AWAY: Journey to the Unexpected,PC,,,,,,,,,,,0.0
Steam,Baba Is You,PC,,,,,,,,,,,0.0
Steam,Bad North: Jotunn Edition,PC,,,,,,,,,,,2.0
Steam,Bad Rats,PC,,,,,,,,,,,0.8
Steam,Baldur's Gate 3,PC,,,,,,,,,,,49.0
Steam,Baldur's Gate II: Enhanced Edition,PC,,,,,,,,,,,19.1
Steam,Baldur's Gate: Enhanced Edition,PC,,,,,,,,,,,20.0
Steam,BALL x PIT,PC,,,,,,,,,,,42.5
Steam,Barony,PC,,,,,,,,,,,0.0
Steam,Barotrauma,PC,,,,,,,,,,,0.0
Steam,Bastion,PC,,,,,,,,,,,0.1
Steam,Batman: Arkham Asylum GOTY Edition,PC,,,,,,,,,,,0.0
Steam,Batman: Arkham City GOTY,PC,,,,,,,,,,,0.0
Steam,BattleBlock Theater,PC,,,,,,,,,,,0.0
Steam,Battlefleet Gothic: Armada,PC,,,,,,,,,,,0.0
Steam,Battlestar Galactica Deadlock,PC,,,,,,,,,,,0.0
Steam,Battlevoid: Harbinger,PC,,,,,,,,,,,0.0
Steam,Beyond Blue,PC,,,,,,,,,,,0.0
Steam,Big Crown Showdown,PC,,,,,,,,,,,0.0
Steam,BioShock,PC,,,,,,,,,,,0.0
Steam,BioShock Remastered,PC,,,,,,,,,,,0.0
Steam,Black Desert,PC,,,,,,,,,,,0.0
Steam,Blood Bowl 2,PC,,,,,,,,,,,51.1
Steam,Blood Bowl: Death Zone,PC,,,,,,,,,,,0.0
Steam,Blood Bowl: Legendary Edition,PC,,,,,,,,,,,0.8
Steam,Boneraiser Minions,PC,,,,,,,,,,,3.7
Steam,Bonfire Peaks,PC,,,,,,,,,,,0.0
Steam,Book of Demons,PC,,,,,,,,,,,0.0
Steam,Borderlands 2,PC,,,,,,,,,,,72.2
Steam,Borderlands 3,PC,,,,,,,,,,,126.0
Steam,Borderlands GOTY,PC,,,,,,,,,,,0.0
Steam,Borderlands GOTY Enhanced,PC,,,,,,,,,,,0.0
Steam,Borderlands: The Pre-Sequel,PC,,,,,,,,,,,6.2
Steam,Boreal Blade,PC,,,,,,,,,,,0.0
Steam,Broken Age,PC,,,,,,,,,,,0.0
Steam,Broken Sword 1 - Shadow of the Templars: Director's Cut (2009),PC,,,,,,,,,,,0.0
Steam,Brotato,PC,,,,,,,,,,,13.3
Steam,Brothers - A Tale of Two Sons,PC,,,,,,,,,,,0.0
Steam,Brunch Club,PC,,,,,,,,,,,0.0
Steam,Brütal Legend,PC,,,,,,,,,,,0.6
Steam,Buggos,PC,,,,,,,,,,,0.0
Steam,Burnout Paradise: The Ultimate Box,PC,,,,,,,,,,,0.0
Steam,Candy Disaster,PC,,,,,,,,,,,0.0
Steam,Car Mechanic Simulator 2015,PC,,,,,,,,,,,0.0
Steam,Card City Nights,PC,,,,,,,,,,,0.0
Steam,Castle Crashers,PC,,,,,,,,,,,6.7
Steam,Cat Quest,PC,,,,,,,,,,,0.0
Steam,Cathedral,PC,,,,,,,,,,,0.0
Steam,Chaos on Deponia,PC,,,,,,,,,,,0.0
Steam,Chaos Reborn,PC,,,,,,,,,,,0.0
Steam,Cheap Golf,PC,,,,,,,,,,,0.0
Steam,Chivalry: Medieval Warfare,PC,,,,,,,,,,,0.0
Steam,Chroma Squad,PC,,,,,,,,,,,0.0
Steam,Chronicon,PC,,,,,,,,,,,0.5
Steam,CHUCHEL,PC,,,,,,,,,,,0.0
Steam,Cities in Motion 2,PC,,,,,,,,,,,0.0
Steam,Cities XL Platinum,PC,,,,,,,,,,,0.0
Steam,Citizen Sleeper,PC,,,,,,,,,,,0.0
Steam,City Climber,PC,,,,,,,,,,,0.0
Steam,Clatter,PC,,,,,,,,,,,0.0
Steam,Clustertruck,PC,,,,,,,,,,,0.0
Steam,Colony Survival,PC,,,,,,,,,,,106.9
Steam,Colt Express,PC,,,,,,,,,,,0.0
Steam,Command & Conquer™ Red Alert™ 3 - Uprising,PC,,,,,,,,,,,0.0
Steam,Company of Heroes ,PC,,,,,,,,,,,0.0
Steam,Company of Heroes - Legacy Edition,PC,,,,,,,,,,,0.0
Steam,Company of Heroes 2,PC,,,,,,,,,,,0.0
Steam,Concrete Jungle,PC,,,,,,,,,,,4.8
Steam,Confrontation,PC,,,,,,,,,,,0.0
Steam,ConnecTank,PC,,,,,,,,,,,0.0
Steam,"Cook, Serve, Delicious! 3?!",PC,,,,,,,,,,,0.0
Steam,Core Keeper,PC,,,,,,,,,,,0.1
Steam,Cosmic DJ,PC,,,,,,,,,,,0.0
Steam,Cosmo's Quickstop,PC,,,,,,,,,,,0.0
Steam,Counter-Strike 2,PC,,,,,,,,,,,114.8
Steam,Crazy Machines 3,PC,,,,,,,,,,,0.0
Steam,Crowntakers,PC,,,,,,,,,,,0.0
Steam,Crusader Kings II,PC,,,,,,,,,,,0.0
Steam,CryoFall,PC,,,,,,,,,,,0.0
Steam,Crysis 2 Maximum Edition,PC,,,,,,,,,,,0.0
Steam,Cubetractor,PC,,,,,,,,,,,0.0
Steam,Daikatana,PC,,,,,,,,,,,0.0
Steam,Danger Scavenger,PC,,,,,,,,,,,0.0
Steam,Dark Nights with Poe and Munro,PC,,,,,,,,,,,0.0
Steam,Darkest Dungeon®,PC,,,,,,,,,,,14.3
Steam,Darksburg,PC,,,,,,,,,,,0.0
Steam,Darksiders,PC,,,,,,,,,,,0.0
Steam,Darksiders II Deathinitive Edition,PC,,,,,,,,,,,0.0
Steam,Darksiders Warmastered Edition,PC,,,,,,,,,,,0.0
Steam,Daylight,PC,,,,,,,,,,,0.0
Steam,Dead Space (2008),PC,,,,,,,,,,,0.0
Steam,Deadlight Director’s Cut,PC,,,,,,,,,,,0.0
Steam,Deadlock,PC,,,,,,,,,,,0.0
Steam,Dear Esther: Landmark Edition,PC,,,,,,,,,,,0.0
Steam,Death and Taxes,PC,,,,,,,,,,,0.0
Steam,DeathSpank,PC,,,,,,,,,,,0.3
Steam,DeathSpank: Thongs Of Virtue,PC,,,,,,,,,,,0.0
Steam,DeathSprint 66,PC,,,,,,,,,,,0.0
Steam,Deepest Chamber: Resurrection,PC,,,,,,,,,,,0.0
Steam,Demolish & Build 2018,PC,,,,,,,,,,,0.0
Steam,DEPLOYMENT,PC,,,,,,,,,,,0.0
Steam,Deponia,PC,,,,,,,,,,,0.0
Steam,Deponia: The Complete Journey,PC,,,,,,,,,,,0.0
Steam,Desolate,PC,,,,,,,,,,,0.0
Steam,Destiny 2,PC,,,,,,,,,,,0.0
Steam,Deus Ex: Human Revolution - Director's Cut,PC,,,,,,,,,,,0.0
Steam,Deus Ex: Mankind Divided™,PC,,,,,,,,,,,0.6
Steam,Dicey Dungeons,PC,,,,,,,,,,,0.0
Steam,Dino Run DX,PC,,,,,,,,,,,0.0
Steam,DiRT 3 Complete Edition,PC,,,,,,,,,,,0.0
Steam,DiRT Rally,PC,,,,,,,,,,,0.0
Steam,Disc Room,PC,,,,,,,,,,,0.0
Steam,Discolored,PC,,,,,,,,,,,0.0
Steam,Divinity II: Developer's Cut,PC,,,,,,,,,,,0.0
Steam,Divinity: Original Sin 2,PC,,,,,,,,,,,154.7
Steam,Don't Starve,PC,,,,,,,,,,,0.0
Steam,Dota 2,PC,,,,,,,,,,,5496.5
Steam,Dota Underlords,PC,,,,,,,,,,,129.9
Steam,Dracula: Love Kills,PC,,,,,,,,,,,0.0
Steam,Dracula: Origin,PC,,,,,,,,,,,0.0
Steam,Dragon Age: Origins - Ultimate Edition,PC,,,,,,,,,,,19.3
Steam,Drawful 2,PC,,,,,,,,,,,0.0
Steam,Dream Daddy: A Dad Dating Simulator,PC,,,,,,,,,,,0.0
Steam,Driftland: The Magic Revival,PC,,,,,,,,,,,0.0
Steam,DUCATI - 90th Anniversary,PC,,,,,,,,,,,0.0
Steam,"Dude, Stop",PC,,,,,,,,,,,0.0
Steam,Duke Nukem 3D: Megaton Edition,PC,,,,,,,,,,,0.0
Steam,Dungeon Defenders,PC,,,,,,,,,,,249.6
Steam,Dungeon Defenders II,PC,,,,,,,,,,,79.4
Steam,Dungeons & Degenerate Gamblers,PC,,,,,,,,,,,0.0
Steam,Dungeons & Dragons: Dark Alliance,PC,,,,,,,,,,,22.6
Steam,Dungeons of Hinterberg,PC,,,,,,,,,,,0.0
Steam,EARTHLOCK,PC,,,,,,,,,,,0.0
Steam,Edna & Harvey: Harvey's New Eyes,PC,,,,,,,,,,,0.0
Steam,Eets Munchies,PC,,,,,,,,,,,0.5
Steam,Element TD 2,PC,,,,,,,,,,,1.3
Steam,Elite Dangerous,PC,,,,,,,,,,,0.0
Steam,Embr,PC,,,,,,,,,,,0.0
Steam,Empyrion - Galactic Survival,PC,,,,,,,,,,,0.0
Steam,ENDLESS™ Space - Definitive Edition,PC,,,,,,,,,,,0.0
Steam,Enemy On Board,PC,,,,,,,,,,,0.0
Steam,Epic Battle Fantasy 5,PC,,,,,,,,,,,0.0
Steam,Eternal Hope,PC,,,,,,,,,,,0.0
Steam,Eternights,PC,,,,,,,,,,,0.0
Steam,Europa Universalis IV,PC,,,,,,,,,,,408.1
Steam,Eyes in the Dark,PC,,,,,,,,,,,0.0
Steam,F.E.A.R.,PC,,,,,,,,,,,0.0
Steam,F.E.A.R. 2: Project Origin,PC,,,,,,,,,,,0.0
Steam,F.E.A.R. 3,PC,,,,,,,,,,,0.0
Steam,F.E.A.R.: Extraction Point,PC,,,,,,,,,,,0.0
Steam,F.E.A.R.: Perseus Mandate,PC,,,,,,,,,,,0.0
Steam,F1 2018,PC,,,,,,,,,,,0.0
Steam,Factorio,PC,,,,,,,,,,,118.7
Steam,Factory Town,PC,,,,,,,,,,,1.5
Steam,Faeria,PC,,,,,,,,,,,13.7
Steam,Fahrenheit: Indigo Prophecy Remastered,PC,,,,,,,,,,,0.0
Steam,Fallout,PC,,,,,,,,,,,0.0
Steam,Farm Manager 2018,PC,,,,,,,,,,,0.0
Steam,Farming Simulator 17,PC,,,,,,,,,,,0.0
Steam,Feed All Monsters,PC,,,,,,,,,,,0.0
Steam,FEZ,PC,,,,,,,,,,,0.0
Steam,Fights in Tight Spaces,PC,,,,,,,,,,,0.0
Steam,Figment,PC,,,,,,,,,,,0.0
Steam,Final Profit: A Shop RPG,PC,,,,,,,,,,,0.0
Steam,Final Vendetta,PC,,,,,,,,,,,0.0
Steam,First Class Trouble,PC,,,,,,,,,,,0.0
Steam,Fishing Adventure,PC,,,,,,,,,,,0.0
Steam,Fit For a King,PC,,,,,,,,,,,0.0
Steam,Fling to the Finish,PC,,,,,,,,,,,0.0
Steam,Fly Punch Boom!,PC,,,,,,,,,,,0.0
Steam,Football Manager 2020,PC,,,,,,,,,,,0.0
Steam,Football Manager 2020 Touch,PC,,,,,,,,,,,0.0
Steam,For The King,PC,,,,,,,,,,,31.2
Steam,For The King II,PC,,,,,,,,,,,0.0
Steam,Four Sided Fantasy,PC,,,,,,,,,,,0.0
Steam,Fractal: Make Blooms Not War,PC,,,,,,,,,,,6.3
Steam,FRAMED Collection,PC,,,,,,,,,,,0.0
Steam,Frog Detective 1: The Haunted Island,PC,,,,,,,,,,,0.0
Steam,Frostpunk,PC,,,,,,,,,,,0.0
Steam,FTL: Faster Than Light,PC,,,,,,,,,,,0.0
Steam,Fury Unleashed,PC,,,,,,,,,,,0.0
Steam,Galactic Civilizations II: Ultimate Edition,PC,,,,,,,,,,,0.0
Steam,Galaxy on Fire 2™ Full HD,PC,,,,,,,,,,,0.0
Steam,Game Dev Tycoon,PC,,,,,,,,,,,16.1
Steam,Game of Thrones ,PC,,,,,,,,,,,0.9
Steam,Gang Beasts,PC,,,,,,,,,,,6.8
Steam,Garry's Mod,PC,,,,,,,,,,,0.0
Steam,Gatekeeper,PC,,,,,,,,,,,0.0
Steam,Gigantic Army,PC,,,,,,,,,,,0.0
Steam,Glitch Busters,PC,,,,,,,,,,,0.0
Steam,GNOG,PC,,,,,,,,,,,0.0
Steam,Goat Simulator,PC,,,,,,,,,,,1.7
Steam,Godfall,PC,,,,,,,,,,,0.0
Steam,Golf It!,PC,,,,,,,,,,,0.0
Steam,Golfie,PC,,,,,,,,,,,0.0
Steam,Gone Home,PC,,,,,,,,,,,0.0
Steam,GoNNER,PC,,,,,,,,,,,0.0
Steam,Goodbye Deponia,PC,,,,,,,,,,,0.0
Steam,Grand Theft Auto V Enhanced,PC,,,,,,,,,,,0.0
Steam,Grand Theft Auto V Legacy,PC,,,,,,,,,,,7.4
Steam,Greed Corp,PC,,,,,,,,,,,0.0
Steam,"Gremlins, Inc.",PC,,,,,,,,,,,0.0
Steam,Growbot,PC,,,,,,,,,,,0.0
Steam,Guacamelee! Super Turbo Championship Edition,PC,,,,,,,,,,,0.0
Steam,Guardians of Middle-earth,PC,,,,,,,,,,,0.0
Steam,GUILTY GEAR Xrd REV 2,PC,,,,,,,,,,,0.0
Steam,Guns of Icarus Alliance,PC,,,,,,,,,,,0.0
Steam,Guns of Icarus Online,PC,,,,,,,,,,,0.3
Steam,Gunscape,PC,,,,,,,,,,,0.0
Steam,Hacknet,PC,,,,,,,,,,,0.0
Steam,Hadean Tactics,PC,,,,,,,,,,,37.9
Steam,Hades,PC,,,,,,,,,,,11.5
Steam,Harmony's Odyssey,PC,,,,,,,,,,,0.0
Steam,Hearthlands,PC,,,,,,,,,,,0.0
Steam,Heaven's Vault,PC,,,,,,,,,,,0.0
Steam,Helheim Hassle,PC,,,,,,,,,,,0.0
Steam,Hellblusser,PC,,,,,,,,,,,0.0
Steam,Here Comes Niko!,PC,,,,,,,,,,,0.0
Steam,Hero Defense,PC,,,,,,,,,,,0.3
Steam,Heroes of Hammerwatch,PC,,,,,,,,,,,156.8
Steam,Hitman 2: Silent Assassin,PC,,,,,,,,,,,0.0
Steam,Hitman: Codename 47,PC,,,,,,,,,,,0.0
Steam,HITMAN™ 2,PC,,,,,,,,,,,0.0
Steam,HIVESWAP: ACT 1,PC,,,,,,,,,,,0.0
Steam,Hollow Knight,PC,,,,,,,,,,,0.0
Steam,Homefront,PC,,,,,,,,,,,0.0
Steam,Homeworld Remastered Collection,PC,,,,,,,,,,,0.0
Steam,Homeworld: Deserts of Kharak,PC,,,,,,,,,,,0.0
Steam,House,PC,,,,,,,,,,,0.0
Steam,Human Fall Flat,PC,,,,,,,,,,,0.0
Steam,HUMANKIND™ - Closed Beta,PC,,,,,,,,,,,12.9
Steam,Hyper Light Drifter,PC,,,,,,,,,,,0.0
Steam,Icarus,PC,,,,,,,,,,,3.0
Steam,Ikonei Island: An Earthlock Adventure,PC,,,,,,,,,,,0.0
Steam,Imagine Earth,PC,,,,,,,,,,,0.0
Steam,Imp of the Sun,PC,,,,,,,,,,,0.0
Steam,In Between,PC,,,,,,,,,,,0.0
Steam,Incredipede,PC,,,,,,,,,,,0.0
Steam,Insurgency,PC,,,,,,,,,,,0.0
Steam,Into the Breach,PC,,,,,,,,,,,0.0
Steam,"Invisible, Inc.",PC,,,,,,,,,,,0.8
Steam,ISLANDERS,PC,,,,,,,,,,,2.9
Steam,IXION,PC,,,,,,,,,,,0.1
Steam,JARS,PC,,,,,,,,,,,0.0
Steam,Jumpala,PC,,,,,,,,,,,0.0
Steam,Just Die Already,PC,,,,,,,,,,,0.0
Steam,Kaiju Wars,PC,,,,,,,,,,,0.0
Steam,Kalaban,PC,,,,,,,,,,,0.0
Steam,Kao the Kangaroo: Round 2,PC,,,,,,,,,,,0.0
Steam,Kerbal Space Program,PC,,,,,,,,,,,0.0
Steam,Killer is Dead,PC,,,,,,,,,,,0.0
Steam,Killing Floor 2,PC,,,,,,,,,,,0.0
Steam,KILLRUN,PC,,,,,,,,,,,0.0
Steam,Kind Words,PC,,,,,,,,,,,0.0
Steam,Kingdom: Classic,PC,,,,,,,,,,,0.0
Steam,Kingdom: New Lands,PC,,,,,,,,,,,0.0
Steam,Kitaria Fables,PC,,,,,,,,,,,0.0
Steam,Knights of Pen and Paper 2,PC,,,,,,,,,,,8.6
Steam,Knights of Pen and Paper 2: Free Edition,PC,,,,,,,,,,,24.4
Steam,Lacuna,PC,,,,,,,,,,,0.0
Steam,Lara Croft and the Temple of Osiris,PC,,,,,,,,,,,0.0
Steam,Layers of Fear (2016),PC,,,,,,,,,,,0.0
Steam,Left 4 Dead 2,PC,,,,,,,,,,,0.0
Steam,Legacy of Dorn: Herald of Oblivion,PC,,,,,,,,,,,0.0
Steam,LEGO® Batman™ 3: Beyond Gotham,PC,,,,,,,,,,,0.0
Steam,LEGO® The Hobbit™,PC,,,,,,,,,,,0.0
Steam,LEGO® The Lord of the Rings™,PC,,,,,,,,,,,0.0
Steam,LIMBO,PC,,,,,,,,,,,0.0
Steam,Little Inferno,PC,,,,,,,,,,,0.0
Steam,Longvinter,PC,,,,,,,,,,,0.0
Steam,Loop Hero,PC,,,,,,,,,,,42.0
Steam,Lost Ark,PC,,,,,,,,,,,328.1
Steam,Lost Nova,PC,,,,,,,,,,,0.0
Steam,LostWinds,PC,,,,,,,,,,,0.0
Steam,LOUD,PC,,,,,,,,,,,0.0
Steam,Lucifer Within Us,PC,,,,,,,,,,,0.0
Steam,Mad Experiments: Escape Room,PC,,,,,,,,,,,0.0
Steam,Magicka,PC,,,,,,,,,,,0.0
Steam,Magicka: Wizard Wars,PC,,,,,,,,,,,0.0
Steam,Maiden & Spell,PC,,,,,,,,,,,0.0
Steam,Make Sail,PC,,,,,,,,,,,0.0
Steam,Make Way,PC,,,,,,,,,,,0.0
Steam,Manual Samuel - Last Tuesday Edition,PC,,,,,,,,,,,0.0
Steam,Marble World,PC,,,,,,,,,,,0.0
Steam,Mark of the Ninja,PC,,,,,,,,,,,0.2
Steam,Mars First Logistics,PC,,,,,,,,,,,0.0
Steam,Mars Horizon,PC,,,,,,,,,,,0.0
Steam,Mech Mechanic Simulator,PC,,,,,,,,,,,0.0
Steam,Medal of Honor(TM) Multiplayer,PC,,,,,,,,,,,0.0
Steam,Medal of Honor(TM) Single Player,PC,,,,,,,,,,,0.0
Steam,Megabonk,PC,,,,,,,,,,,2.8
Steam,Men of War: Assault Squad 2,PC,,,,,,,,,,,0.0
Steam,MetaMorph,PC,,,,,,,,,,,0.0
Steam,MetaPhysical,PC,,,,,,,,,,,0.0
Steam,Middle-earth™: Shadow of Mordor™,PC,,,,,,,,,,,29.8
Steam,Middle-earth™: Shadow of War™,PC,,,,,,,,,,,0.0
Steam,Mini Ninjas,PC,,,,,,,,,,,0.0
Steam,Mirror's Edge,PC,,,,,,,,,,,0.0
Steam,MirrorMoon EP,PC,,,,,,,,,,,0.0
Steam,Misadventures of Laura Silver,PC,,,,,,,,,,,0.0
Steam,Monster Prom,PC,,,,,,,,,,,0.0
Steam,Monster Train,PC,,,,,,,,,,,41.7
Steam,Moon Hunters,PC,,,,,,,,,,,0.0
Steam,Mortal Kombat Kollection,PC,,,,,,,,,,,0.0
Steam,Motorsport Manager,PC,,,,,,,,,,,0.0
Steam,Mouthwashing,PC,,,,,,,,,,,0.0
Steam,Murder by Numbers,PC,,,,,,,,,,,0.0
Steam,Murderous Pursuits,PC,,,,,,,,,,,0.0
Steam,MX vs. ATV Reflex,PC,,,,,,,,,,,0.0
Steam,My Memory of Us,PC,,,,,,,,,,,0.0
Steam,Natural Selection 2,PC,,,,,,,,,,,0.0
Steam,NBA 2K20,PC,,,,,,,,,,,0.0
Steam,Neo Cab,PC,,,,,,,,,,,0.0
Steam,Neon Abyss,PC,,,,,,,,,,,0.0
Steam,New World: Aeternum,PC,,,,,,,,,,,381.4
Steam,New World: Aeternum Open Beta,PC,,,,,,,,,,,15.1
Steam,Ninja Senki DX,PC,,,,,,,,,,,0.0
Steam,No Time To Explain Remastered,PC,,,,,,,,,,,0.0
Steam,Norland,PC,,,,,,,,,,,6.9
Steam,Northgard: Definitive Edition,PC,,,,,,,,,,,0.0
Steam,Observer,PC,,,,,,,,,,,0.0
Steam,Oddworld: Abe's Oddysee,PC,,,,,,,,,,,0.0
Steam,Old World,PC,,,,,,,,,,,0.0
Steam,Omensight,PC,,,,,,,,,,,0.0
Steam,"On the Rain-Slick Precipice of Darkness, Episode One",PC,,,,,,,,,,,0.0
Steam,One Way Heroics,PC,,,,,,,,,,,0.0
Steam,Orbi Universo,PC,,,,,,,,,,,0.0
Steam,Orcs Must Die!,PC,,,,,,,,,,,0.0
Steam,Orcs Must Die! 2,PC,,,,,,,,,,,1.5
Steam,Orcs Must Die! 3,PC,,,,,,,,,,,0.0
Steam,Organ Trail: Director's Cut,PC,,,,,,,,,,,0.0
Steam,ORX,PC,,,,,,,,,,,43.5
Steam,Outlast,PC,,,,,,,,,,,0.0
Steam,OUTRIDERS,PC,,,,,,,,,,,67.7
Steam,Overgrowth,PC,,,,,,,,,,,0.0
Steam,Overlord II,PC,,,,,,,,,,,0.0
Steam,Oxygen Not Included,PC,,,,,,,,,,,113.5
Steam,PAC-MAN™ CHAMPIONSHIP EDITION 2,PC,,,,,,,,,,,0.0
Steam,Pankapu,PC,,,,,,,,,,,0.0
Steam,Paperball,PC,,,,,,,,,,,0.0
Steam,Paradise Lost,PC,,,,,,,,,,,0.0
Steam,Paradise Marsh,PC,,,,,,,,,,,0.0
Steam,Party Hard,PC,,,,,,,,,,,0.0
Steam,Patch Quest,PC,,,,,,,,,,,0.0
Steam,Path of Exile,PC,,,,,,,,,,,0.3
Steam,Pathfinder: Kingmaker,PC,,,,,,,,,,,7.3
Steam,Pathway,PC,,,,,,,,,,,0.0
Steam,Patrick's Parabox,PC,,,,,,,,,,,0.0
Steam,PAYDAY 2,PC,,,,,,,,,,,0.0
Steam,PC Building Simulator,PC,,,,,,,,,,,0.0
Steam,Pendragon,PC,,,,,,,,,,,0.0
Steam,Pesterquest,PC,,,,,,,,,,,0.0
Steam,Phantom Doctrine,PC,,,,,,,,,,,14.6
Steam,Phoenix Point,PC,,,,,,,,,,,20.7
Steam,PictoQuest,PC,,,,,,,,,,,0.0
Steam,Pikuniku,PC,,,,,,,,,,,0.1
Steam,Pixel Galaxy,PC,,,,,,,,,,,0.0
Steam,Plague Inc: Evolved,PC,,,,,,,,,,,0.0
Steam,Planet of the Eyes,PC,,,,,,,,,,,0.0
Steam,Planetary Annihilation,PC,,,,,,,,,,,0.0
Steam,PlateUp!,PC,,,,,,,,,,,1.3
Steam,Popo's Tower,PC,,,,,,,,,,,0.0
Steam,Potatoman Seeks the Troof,PC,,,,,,,,,,,0.0
Steam,Primal Light,PC,,,,,,,,,,,0.0
Steam,Prison Architect,PC,,,,,,,,,,,0.0
Steam,Project Winter,PC,,,,,,,,,,,0.0
Steam,Project Zomboid,PC,,,,,,,,,,,203.5
Steam,Psychonauts,PC,,,,,,,,,,,0.0
Steam,Pumped BMX +,PC,,,,,,,,,,,0.0
Steam,Purrfect Date,PC,,,,,,,,,,,0.0
Steam,Q.U.B.E.,PC,,,,,,,,,,,0.0
Steam,Radical Rabbit Stew,PC,,,,,,,,,,,0.0
Steam,Raft,PC,,,,,,,,,,,18.9
Steam,Rampage Knights,PC,,,,,,,,,,,0.0
Steam,Rapture Rejects,PC,,,,,,,,,,,0.0
Steam,RAW - Realms of Ancient War,PC,,,,,,,,,,,0.0
Steam,Realpolitiks,PC,,,,,,,,,,,0.0
Steam,Rebel Inc: Escalation,PC,,,,,,,,,,,4.2
Steam,Rebuild 3: Gangs of Deadsville,PC,,,,,,,,,,,0.0
Steam,Red Orchestra 2: Heroes of Stalingrad - Single Player,PC,,,,,,,,,,,0.0
Steam,Regions Of Ruin,PC,,,,,,,,,,,0.0
Steam,Regular Human Basketball,PC,,,,,,,,,,,0.0
Steam,Reigns,PC,,,,,,,,,,,0.0
Steam,Reigns: Her Majesty,PC,,,,,,,,,,,0.0
Steam,Repella Fella,PC,,,,,,,,,,,0.0
Steam,RimWorld,PC,,,,,,,,,,,383.1
Steam,Ring of Elysium,PC,,,,,,,,,,,0.5
Steam,Rise of Industry,PC,,,,,,,,,,,0.0
Steam,Rising Storm 2: Vietnam,PC,,,,,,,,,,,0.0
Steam,Rising Storm/Red Orchestra 2 Multiplayer,PC,,,,,,,,,,,0.0
Steam,Rocketbirds: Hardboiled Chicken,PC,,,,,,,,,,,1.2
Steam,Rogue Tower,PC,,,,,,,,,,,16.8
Steam,Rogue Waters,PC,,,,,,,,,,,0.0
Steam,Rust,PC,,,,,,,,,,,531.6
Steam,Rust - Staging Branch,PC,,,,,,,,,,,0.3
Steam,Rusty Lake Hotel,PC,,,,,,,,,,,0.0
Steam,Rusty's Retirement,PC,,,,,,,,,,,0.0
Steam,Safety First!,PC,,,,,,,,,,,0.0
Steam,Samurai GUNN,PC,,,,,,,,,,,0.0
Steam,Sanctum,PC,,,,,,,,,,,0.0
Steam,Sanctum 2,PC,,,,,,,,,,,9.2
Steam,Sang-Froid - Tales of Werewolves,PC,,,,,,,,,,,0.0
Steam,Sapiens,PC,,,,,,,,,,,3.8
Steam,Satellite Reign,PC,,,,,,,,,,,0.0
Steam,Satisfactory,PC,,,,,,,,,,,187.2
Steam,Scanner Sombre,PC,,,,,,,,,,,0.0
Steam,Scorn,PC,,,,,,,,,,,0.0
Steam,Scribblenauts Unlimited,PC,,,,,,,,,,,0.0
Steam,Serious Sam 3: BFE,PC,,,,,,,,,,,0.0
Steam,Serious Sam Fusion 2017 (beta),PC,,,,,,,,,,,0.0
Steam,Serious Sam HD: The First Encounter,PC,,,,,,,,,,,0.0
Steam,Serious Sam HD: The Second Encounter,PC,,,,,,,,,,,0.0
Steam,Shadow of the Tomb Raider,PC,,,,,,,,,,,0.0
Steam,Shadow Warrior Classic Redux,PC,,,,,,,,,,,0.0
Steam,Shadows of Doubt,PC,,,,,,,,,,,0.0
Steam,Sherlock Holmes and The Hound of The Baskervilles,PC,,,,,,,,,,,0.0
Steam,Sherlock Holmes: The Mystery of The Persian Carpet,PC,,,,,,,,,,,0.0
Steam,Shift Happens,PC,,,,,,,,,,,0.0
Steam,Shoppe Keep,PC,,,,,,,,,,,0.0
Steam,Sid Meier's Civilization III: Complete,PC,,,,,,,,,,,0.0
Steam,Sid Meier's Civilization V,PC,,,,,,,,,,,724.7
Steam,Sins of a Solar Empire: Rebellion,PC,,,,,,,,,,,0.0
Steam,"Sir, You Are Being Hunted",PC,,,,,,,,,,,0.0
Steam,Sizeable,PC,,,,,,,,,,,1.8
Steam,Skara - The Blade Remains,PC,,,,,,,,,,,0.0
Steam,Skillshot City,PC,,,,,,,,,,,0.0
Steam,Skullgirls 2nd Encore,PC,,,,,,,,,,,0.2
Steam,Skullgirls ∞Endless Beta∞,PC,,,,,,,,,,,0.0
Steam,SkyScrappers,PC,,,,,,,,,,,0.0
Steam,Slay the Spire,PC,,,,,,,,,,,129.6
Steam,Slay the Spire 2,PC,,,,,,,,,,,11.7
Steam,Sniper Elite 3,PC,,,,,,,,,,,8.6
Steam,Sokpop S06: bobo robot,PC,,,,,,,,,,,0.0
Steam,Sokpop S06: fishy,PC,,,,,,,,,,,0.0
Steam,Sokpop S06: Good Goods Incorporated,PC,,,,,,,,,,,0.0
Steam,Sokpop S06: Klym,PC,,,,,,,,,,,0.0
Steam,Sokpop S06: Ollie & Bollie: Outdoor Estate,PC,,,,,,,,,,,0.0
Steam,Sokpop S06: sokbots,PC,,,,,,,,,,,0.0
Steam,Sokpop S06: Sproots,PC,,,,,,,,,,,0.0
Steam,Sokpop S06: Sunset Kingdom,PC,,,,,,,,,,,0.0
Steam,Sokpop S07: Chatventures,PC,,,,,,,,,,,0.0
Steam,Sokpop S07: sok-worlds,PC,,,,,,,,,,,0.0
Steam,Sokpop S09: Flipper Volcano,PC,,,,,,,,,,,0.0
Steam,Sokpop S09: King Pins,PC,,,,,,,,,,,0.0
Steam,Sokpop S09: pyramida,PC,,,,,,,,,,,0.0
Steam,Sokpop S10: Pocket Watch,PC,,,,,,,,,,,0.0
Steam,Sonic and SEGA All Stars Racing,PC,,,,,,,,,,,0.0
Steam,Space Crew: Legendary Edition,PC,,,,,,,,,,,0.0
Steam,Spec Ops: The Line,PC,,,,,,,,,,,0.0
Steam,Speed Brawl,PC,,,,,,,,,,,0.0
Steam,Spelunky,PC,,,,,,,,,,,0.0
Steam,Spiritfall,PC,,,,,,,,,,,0.0
Steam,Splice,PC,,,,,,,,,,,0.0
Steam,Stacklands,PC,,,,,,,,,,,7.5
Steam,"Star Wars: Battlefront 2 (Classic, 2005)",PC,,,,,,,,,,,0.0
Steam,STAR WARS™ Empire at War: Gold Pack,PC,,,,,,,,,,,0.0
Steam,STAR WARS™ Jedi Knight II: Jedi Outcast™,PC,,,,,,,,,,,0.0
Steam,STAR WARS™ Jedi Knight: Dark Forces II,PC,,,,,,,,,,,0.0
Steam,STAR WARS™ Jedi Knight: Jedi Academy™,PC,,,,,,,,,,,0.0
Steam,STAR WARS™ Knights of the Old Republic™,PC,,,,,,,,,,,0.1
Steam,STAR WARS™ Knights of the Old Republic™ II: The Sith Lords™,PC,,,,,,,,,,,37.3
Steam,STAR WARS™ Republic Commando,PC,,,,,,,,,,,0.0
Steam,STAR WARS™ Starfighter™,PC,,,,,,,,,,,0.0
Steam,STAR WARS™: Dark Forces,PC,,,,,,,,,,,0.0
Steam,STAR WARS™: The Force Unleashed™ II,PC,,,,,,,,,,,0.0
Steam,STAR WARS™: The Force Unleashed™ Ultimate Sith Edition,PC,,,,,,,,,,,0.0
Steam,Starbound,PC,,,,,,,,,,,0.0
Steam,Starbound - Unstable,PC,,,,,,,,,,,0.0
Steam,Stealth Inc 2,PC,,,,,,,,,,,0.0
Steam,Stick Fight: The Game,PC,,,,,,,,,,,0.0
Steam,Sticky Business,PC,,,,,,,,,,,0.0
Steam,Stories: The Path of Destinies,PC,,,,,,,,,,,0.0
Steam,Stronghold Crusader Extreme HD,PC,,,,,,,,,,,0.0
Steam,Stronghold Crusader HD,PC,,,,,,,,,,,0.0
Steam,Submachine: Legacy,PC,,,,,,,,,,,0.0
Steam,Sunless Sea,PC,,,,,,,,,,,0.0
Steam,Sunlight,PC,,,,,,,,,,,0.0
Steam,Super Auto Pets,PC,,,,,,,,,,,13.8
Steam,Super Hexagon,PC,,,,,,,,,,,0.0
Steam,Super Time Force Ultra,PC,,,,,,,,,,,0.0
Steam,Superfrog HD,PC,,,,,,,,,,,0.0
Steam,SUPERHOT,PC,,,,,,,,,,,0.0
Steam,SUPERHOT: MIND CONTROL DELETE,PC,,,,,,,,,,,0.0
Steam,Surviving Mars,PC,,,,,,,,,,,0.2
Steam,Swords 'n Magic and Stuff,PC,,,,,,,,,,,0.0
Steam,System Shock: Classic,PC,,,,,,,,,,,0.0
Steam,System Shock: Enhanced Edition,PC,,,,,,,,,,,0.0
Steam,System Shock® 2 (1999),PC,,,,,,,,,,,0.0
Steam,Tactical Breach Wizards,PC,,,,,,,,,,,1.0
Steam,Tales of the Neon Sea,PC,,,,,,,,,,,0.0
Steam,Talisman: Digital Classic Edition,PC,,,,,,,,,,,2.6
Steam,Talisman: Prologue,PC,,,,,,,,,,,0.0
Steam,Tanuki Sunset,PC,,,,,,,,,,,0.0
Steam,Tenderfoot Tactics,PC,,,,,,,,,,,0.0
Steam,Terraforming Mars,PC,,,,,,,,,,,0.0
Steam,The Ball,PC,,,,,,,,,,,0.0
Steam,The Bard's Tale,PC,,,,,,,,,,,3.8
Steam,The Battle of Polytopia,PC,,,,,,,,,,,0.0
Steam,The Bureau: XCOM Declassified,PC,,,,,,,,,,,0.0
Steam,The Darkness II,PC,,,,,,,,,,,0.0
Steam,The Dungeon Beneath,PC,,,,,,,,,,,3.2
Steam,The First Tree,PC,,,,,,,,,,,0.0
Steam,The Flame in the Flood,PC,,,,,,,,,,,0.0
Steam,The Forest,PC,,,,,,,,,,,0.5
Steam,The Galactic Junkers,PC,,,,,,,,,,,0.0
Steam,The Hex,PC,,,,,,,,,,,0.0
Steam,The Incredible Adventures of Van Helsing: Final Cut,PC,,,,,,,,,,,0.0
Steam,The Jackbox Party Pack 2,PC,,,,,,,,,,,0.1
Steam,The Jackbox Party Pack 4,PC,,,,,,,,,,,0.0
Steam,The Last Spell,PC,,,,,,,,,,,119.3
Steam,The Lord of the Rings: Adventure Card Game - Definitive Edition,PC,,,,,,,,,,,24.9
Steam,The Lord of the Rings: War in the North,PC,,,,,,,,,,,3.8
Steam,The Red Solstice,PC,,,,,,,,,,,0.0
Steam,The Royal Writ,PC,,,,,,,,,,,0.0
Steam,The Turing Test,PC,,,,,,,,,,,0.0
Steam,The Void Rains Upon Her Heart,PC,,,,,,,,,,,0.0
Steam,The Whispered World,PC,,,,,,,,,,,0.0
Steam,The Whispered World Special Edition,PC,,,,,,,,,,,0.0
Steam,The Witness,PC,,,,,,,,,,,0.0
Steam,The World Next Door,PC,,,,,,,,,,,0.0
Steam,Thea 2: The Shattering,PC,,,,,,,,,,,33.8
Steam,Thea: The Awakening,PC,,,,,,,,,,,0.0
Steam,theHunter: Call of the Wild™,PC,,,,,,,,,,,4.5
Steam,Thief Gold,PC,,,,,,,,,,,0.0
Steam,This Is the Police,PC,,,,,,,,,,,0.0
Steam,This War of Mine,PC,,,,,,,,,,,0.0
Steam,Throne of Lies®: Medieval Politics,PC,,,,,,,,,,,0.0
Steam,Thunder Wolves,PC,,,,,,,,,,,0.0
Steam,Ticket to Ride,PC,,,,,,,,,,,1.7
Steam,Tilt Brush,PC,,,,,,,,,,,0.0
Steam,Tiny Tina's Assault on Dragon Keep: A Wonderlands One-shot Adventure,PC,,,,,,,,,,,0.0
Steam,Titan Quest Anniversary Edition,PC,,,,,,,,,,,0.0
Steam,Tomb Raider,PC,,,,,,,,,,,0.0
Steam,Tooth and Tail,PC,,,,,,,,,,,0.0
Steam,Torchlight II,PC,,,,,,,,,,,21.0
Steam,Total War: WARHAMMER,PC,,,,,,,,,,,0.0
Steam,Total War: WARHAMMER II,PC,,,,,,,,,,,373.7
Steam,Total War: WARHAMMER III,PC,,,,,,,,,,,123.6
Steam,Totally Accurate Battle Simulator,PC,,,,,,,,,,,1.8
Steam,Tower Unite,PC,,,,,,,,,,,0.0
Steam,Toy Tinker Simulator,PC,,,,,,,,,,,0.0
Steam,Train Sim World® 6,PC,,,,,,,,,,,0.0
Steam,Train Simulator Classic,PC,,,,,,,,,,,2.2
Steam,Transistor,PC,,,,,,,,,,,0.0
Steam,Trine,PC,,,,,,,,,,,8.5
Steam,Trine 2,PC,,,,,,,,,,,6.1
Steam,Trine 3: The Artifacts of Power,PC,,,,,,,,,,,0.0
Steam,Tropico 3 - Steam Special Edition,PC,,,,,,,,,,,0.0
Steam,Tropico 4,PC,,,,,,,,,,,32.5
Steam,Tumblestone,PC,,,,,,,,,,,0.0
Steam,Turnip Boy Commits Tax Evasion,PC,,,,,,,,,,,0.0
Steam,Two Point Campus,PC,,,,,,,,,,,0.0
Steam,Two Worlds II HD,PC,,,,,,,,,,,0.0
Steam,Ultimate Chicken Horse,PC,,,,,,,,,,,0.0
Steam,Undertale,PC,,,,,,,,,,,0.0
Steam,Unholy Heights,PC,,,,,,,,,,,0.0
Steam,Unrailed!,PC,,,,,,,,,,,0.0
Steam,Urban Trial Tricky,PC,,,,,,,,,,,0.0
Steam,Use Your Words,PC,,,,,,,,,,,0.0
Steam,V Rising,PC,,,,,,,,,,,33.3
Steam,Valfaris,PC,,,,,,,,,,,0.0
Steam,Valheim,PC,,,,,,,,,,,392.8
Steam,Vampire Survivors,PC,,,,,,,,,,,97.5
Steam,Velocity®Ultra,PC,,,,,,,,,,,0.0
Steam,Vertiginous Golf,PC,,,,,,,,,,,0.0
Steam,Vibrant Venture,PC,,,,,,,,,,,0.0
Steam,Viking Rise,PC,,,,,,,,,,,2.3
Steam,Viscera Cleanup Detail,PC,,,,,,,,,,,0.0
Steam,Viscera Cleanup Detail: Santa's Rampage,PC,,,,,,,,,,,0.0
Steam,Viscera Cleanup Detail: Shadow Warrior,PC,,,,,,,,,,,0.0
Steam,VVVVVV,PC,,,,,,,,,,,0.0
Steam,Waking,PC,,,,,,,,,,,0.0
Steam,War for the Overworld,PC,,,,,,,,,,,0.0
Steam,Warframe,PC,,,,,,,,,,,395.6
Steam,"Warhammer 40,000: Chaos Gate - Daemonhunters",PC,,,,,,,,,,,99.6
Steam,"Warhammer 40,000: Darktide",PC,,,,,,,,,,,6.9
Steam,"Warhammer 40,000: Darktide Closed Beta",PC,,,,,,,,,,,10.9
Steam,"Warhammer 40,000: Dawn of War - Anniversary Edition ",PC,,,,,,,,,,,0.0
Steam,"Warhammer 40,000: Dawn of War - Dark Crusade",PC,,,,,,,,,,,0.0
Steam,"Warhammer 40,000: Dawn of War - Soulstorm",PC,,,,,,,,,,,0.0
Steam,"Warhammer 40,000: Dawn of War - Winter Assault",PC,,,,,,,,,,,0.0
Steam,"Warhammer 40,000: Dawn of War II - Anniversary Edition",PC,,,,,,,,,,,0.0
Steam,"Warhammer 40,000: Dawn of War II - Chaos Rising",PC,,,,,,,,,,,0.0
Steam,"Warhammer 40,000: Dawn of War II - Retribution",PC,,,,,,,,,,,37.0
Steam,"Warhammer 40,000: Dawn of War III",PC,,,,,,,,,,,0.0
Steam,"Warhammer 40,000: Deathwatch - Enhanced Edition",PC,,,,,,,,,,,0.0
Steam,"Warhammer 40,000: Gladius - Relics of War",PC,,,,,,,,,,,0.0
Steam,"Warhammer 40,000: Kill Team",PC,,,,,,,,,,,0.0
Steam,"Warhammer 40,000: Sanctus Reach",PC,,,,,,,,,,,0.0
Steam,"Warhammer 40,000: Space Marine - Anniversary Edition",PC,,,,,,,,,,,0.0
Steam,Warhammer Underworlds - Shadespire Edition,PC,,,,,,,,,,,0.0
Steam,Warhammer: End Times - Vermintide,PC,,,,,,,,,,,6.6
Steam,Warhammer: Vermintide 2,PC,,,,,,,,,,,42.0
Steam,WARSAW RISING: City of Heroes,PC,,,,,,,,,,,0.0
Steam,Wheels of Aurelia,PC,,,,,,,,,,,0.0
Steam,Wild Bastards,PC,,,,,,,,,,,0.0
Steam,Wildermyth,PC,,,,,,,,,,,0.0
Steam,Wildfrost,PC,,,,,,,,,,,0.3
Steam,Windscape,PC,,,,,,,,,,,0.0
Steam,Witch It,PC,,,,,,,,,,,0.0
Steam,Wizard of Legend,PC,,,,,,,,,,,0.0
Steam,Workers & Resources: Soviet Republic,PC,,,,,,,,,,,203.2
Steam,World of Goo,PC,,,,,,,,,,,0.0
Steam,Worms Armageddon,PC,,,,,,,,,,,0.0
Steam,Worms Blast,PC,,,,,,,,,,,0.0
Steam,Worms Crazy Golf,PC,,,,,,,,,,,0.0
Steam,Worms Pinball,PC,,,,,,,,,,,0.0
Steam,Worms Reloaded,PC,,,,,,,,,,,0.0
Steam,Worms Revolution,PC,,,,,,,,,,,0.0
Steam,Worms Ultimate Mayhem,PC,,,,,,,,,,,0.0
Steam,Wunderling DX,PC,,,,,,,,,,,0.0
Steam,Wurm Unlimited,PC,,,,,,,,,,,0.0
Steam,XCOM 2,PC,,,,,,,,,,,137.4
Steam,XCOM: Chimera Squad,PC,,,,,,,,,,,38.7
Steam,XCOM: Enemy Unknown,PC,,,,,,,,,,,410.9
Steam,Xenonauts,PC,,,,,,,,,,,0.0
Steam,YORG.io,PC,,,,,,,,,,,1.6
Steam,YOU DON'T KNOW JACK HEADRUSH,PC,,,,,,,,,,,0.0
Steam,YOU DON'T KNOW JACK MOVIES,PC,,,,,,,,,,,0.1
Steam,YOU DON'T KNOW JACK SPORTS,PC,,,,,,,,,,,0.0
Steam,YOU DON'T KNOW JACK TELEVISION,PC,,,,,,,,,,,0.0
Steam,YOU DON'T KNOW JACK Vol. 1 XL,PC,,,,,,,,,,,0.0
Steam,You Suck at Parking® - Complete Edition,PC,,,,,,,,,,,0.0
Steam,Zombie Rollerz: Pinball Heroes,PC,,,,,,,,,,,0.0
Steam,Zombotron,PC,,,,,,,,,,,0.0
Steam,ΔV: Rings of Saturn,PC,,,,,,,,,,,0.0
